科目编码,科目名称,2024年第1季度,2024年第2季度,2024年第3季度,2024年第4季度,2025年第1季度,2025年第2季度
6001,主营业务收入,5050000,5700000,6350000,6800000,5480000,5850000
6401,主营业务成本,3150000,3520000,3850000,4100000,3350000,3550000
6403,税金及附加,50500,57000,63500,68000,54800,58500
6601,销售费用,533000,560000,645000,700000,555000,590000
6602,管理费用,435000,388000,410000,420000,440000,395000
6603,财务费用,98000,102000,108000,112000,105000,110000
6301,营业外收入,25000,42000,20000,38000,28000,35000
6711,营业外支出,18500,12000,25000,16000,19000,13000
6801,所得税费用,208000,240000,265000,278000,228000,245000
