科目编码,科目名称,1月,2月,3月,4月,5月,6月,7月,8月,9月,10月,11月,12月
6001,主营业务收入,1500000,1600000,1800000,1700000,1900000,2000000,2100000,2200000,2300000,2400000,2500000,2600000
6401,主营业务成本,900000,960000,1080000,1020000,1140000,1200000,1260000,1320000,1380000,1440000,1500000,1560000
6403,税金及附加,15000,16000,18000,17000,19000,20000,21000,22000,23000,24000,25000,26000
6601,销售费用,150000,160000,180000,170000,190000,200000,210000,220000,230000,240000,250000,260000
6602,管理费用,120000,120000,120000,120000,120000,120000,120000,120000,120000,120000,120000,120000
6603,财务费用,30000,30000,30000,30000,30000,30000,30000,30000,30000,30000,30000,30000
6301,营业外收入,10000,10000,10000,10000,10000,10000,10000,10000,10000,10000,10000,10000
6711,营业外支出,5000,5000,5000,5000,5000,5000,5000,5000,5000,5000,5000,5000
6801,所得税费用,60000,65000,70000,68000,75000,80000,85000,90000,95000,100000,105000,110000
